[{"id":"user-image-CF.png","publicUrl":"np://user.desktop.nicepage.com/Site_2054320548/images/CF.png","size":1665,"hash":"WyC2rQ1VCQkMVVsKttjiWk2bLXA=","fileName":"CF.png","name":"CF","width":225,"height":225,"thumbnail":{"url":"np://user.desktop.nicepage.com/Site_2054320548/images/thumbnails/CF.png","width":225,"height":225,"length":1665,"type":"png"},"folderId":null,"usages":["62169456"]},{"id":"user-image-mc.jpg","publicUrl":"np://user.desktop.nicepage.com/Site_2054320548/images/mc.jpg","size":10079,"hash":"/ozNwUd9z8NpbNodoZScxgyisbc=","fileName":"mc.jpg","name":"mc","width":183,"height":276,"thumbnail":{"url":"np://user.desktop.nicepage.com/Site_2054320548/images/thumbnails/mc.jpg","width":166,"height":250},"folderId":null,"usages":["62169456"]},{"id":"user-image-1077042.png","publicUrl":"np://user.desktop.nicepage.com/Site_2054320548/images/1077042.png","size":3891,"hash":"6Iw8jNB0OwPGbX7ZWE5gnsY8wx4=","fileName":"1077042.png","name":"1077042","width":128,"height":128,"thumbnail":{"url":"np://user.desktop.nicepage.com/Site_2054320548/images/thumbnails/1077042.png","width":128,"height":128,"length":3891,"type":"png"},"folderId":null,"usages":["267617231"]},{"id":"user-image-2023-Disco-Plan.png","publicUrl":"np://user.desktop.nicepage.com/Site_2054320548/images/2023-Disco-Plan.png","size":4314705,"hash":"fRYEcchgEjiW9fmLlqDYPrmtb6s=","fileName":"2023-Disco-Plan.png","name":"2023-Disco-Plan","width":2482,"height":3510,"thumbnail":{"url":"np://user.desktop.nicepage.com/Site_2054320548/images/thumbnails/2023-Disco-Plan.png","width":177,"height":250},"folderId":null,"usages":["267617231"]},{"id":"user-image-316442797_1325251898245618_801703296810540473_n.jpg","publicUrl":"np://user.desktop.nicepage.com/Site_2054320548/images/316442797_1325251898245618_801703296810540473_n.jpg","size":18433,"hash":"ggdGNrDubllb2KsNN4+zCnRsEJU=","fileName":"316442797_1325251898245618_801703296810540473_n.jpg","name":"316442797_1325251898245618_801703296810540473_n","width":500,"height":500,"thumbnail":{"url":"np://user.desktop.nicepage.com/Site_2054320548/images/thumbnails/316442797_1325251898245618_801703296810540473_n.jpg","width":250,"height":250},"folderId":null,"usages":[]}]