[{"id":8942231,"title":"Blog Template","order":1,"templateKey":"blog","customTemplate":false,"customTemplateFilename":null,"pageLinks":[],"dateCreated":"2024-03-13T13:04:39.335Z","dateUpdated":"2024-03-13T13:04:43.772Z","folderId":null,"pageName":"Blog Template","serverPageId":null,"sectionCount":1,"status":2,"backwardUrl":null},{"id":643426916,"title":"Post Template","order":2,"templateKey":"post","customTemplate":false,"customTemplateFilename":null,"pageLinks":[],"dateCreated":"2024-03-13T13:04:39.883Z","dateUpdated":"2024-03-13T13:04:43.773Z","folderId":null,"pageName":"Post Template","serverPageId":null,"sectionCount":1,"status":2,"backwardUrl":null},{"id":216243735,"title":"Product List Template","order":3,"templateKey":"products","customTemplate":false,"customTemplateFilename":null,"pageLinks":[],"dateCreated":"2024-03-13T13:04:40.514Z","dateUpdated":"2024-03-13T13:04:43.773Z","folderId":null,"pageName":"Product List Template","serverPageId":null,"sectionCount":1,"status":2,"backwardUrl":null},{"id":37498427,"title":"Product Details Template","order":4,"templateKey":"product","customTemplate":false,"customTemplateFilename":null,"pageLinks":[],"dateCreated":"2024-03-13T13:04:40.997Z","dateUpdated":"2024-03-13T13:04:43.773Z","folderId":null,"pageName":"Product Details Template","serverPageId":null,"sectionCount":1,"status":2,"backwardUrl":null},{"id":198022093,"title":"Shopping Cart Template","order":5,"templateKey":"cart","customTemplate":false,"customTemplateFilename":null,"pageLinks":[],"dateCreated":"2024-03-13T13:04:41.364Z","dateUpdated":"2024-03-13T13:04:43.774Z","folderId":null,"pageName":"Shopping Cart Template","serverPageId":null,"sectionCount":1,"status":2,"backwardUrl":null},{"id":186319943,"title":"Checkout Template","order":6,"templateKey":"checkout","customTemplate":false,"customTemplateFilename":null,"pageLinks":[],"dateCreated":"2024-03-13T13:04:41.858Z","dateUpdated":"2024-03-13T13:04:43.774Z","folderId":null,"pageName":"Checkout Template","serverPageId":null,"sectionCount":1,"status":2,"backwardUrl":null},{"id":318930635,"title":"Login Template","order":7,"templateKey":"login","customTemplate":false,"customTemplateFilename":null,"pageLinks":[],"dateCreated":"2024-03-13T13:04:42.113Z","dateUpdated":"2024-03-13T13:04:43.774Z","folderId":null,"pageName":"Login Template","serverPageId":null,"sectionCount":1,"status":2,"backwardUrl":null},{"id":742011348,"title":"Page Password Template","order":8,"templateKey":"password","customTemplate":false,"customTemplateFilename":null,"pageLinks":[],"dateCreated":"2024-03-13T13:04:42.310Z","dateUpdated":"2024-03-13T13:04:43.775Z","folderId":null,"pageName":"Page Password Template","serverPageId":null,"sectionCount":1,"status":2,"backwardUrl":null},{"id":104475590,"title":"404 Not Found Template","order":9,"templateKey":"404","customTemplate":false,"customTemplateFilename":null,"pageLinks":[],"dateCreated":"2024-03-13T13:04:42.501Z","dateUpdated":"2024-03-13T13:04:43.775Z","folderId":null,"pageName":"404 Not Found Template","serverPageId":null,"sectionCount":1,"status":2,"backwardUrl":null},{"id":17981181,"title":"Thank You Page Template","order":10,"templateKey":"ThankYou","customTemplate":false,"customTemplateFilename":null,"pageLinks":[],"dateCreated":"2024-03-13T13:04:42.661Z","dateUpdated":"2024-03-13T13:04:43.775Z","folderId":null,"pageName":"Thank You Page Template","serverPageId":null,"sectionCount":1,"status":2,"backwardUrl":null},{"id":267617231,"title":"Home","order":50,"templateKey":null,"customTemplate":false,"customTemplateFilename":null,"pageLinks":["267617231"],"dateCreated":"2024-03-13T13:04:45.271Z","dateUpdated":"2024-03-13T15:25:19.994Z","folderId":null,"pageName":"Home_267617231","serverPageId":null,"sectionCount":2,"status":2,"backwardUrl":null},{"id":795924953,"title":"About us","order":100,"templateKey":null,"customTemplate":false,"customTemplateFilename":null,"pageLinks":["267617231"],"dateCreated":"2024-03-13T13:04:42.790Z","dateUpdated":"2024-03-13T15:21:15.746Z","folderId":null,"pageName":"About us_795924953","serverPageId":null,"sectionCount":1,"status":2,"backwardUrl":null},{"id":62169456,"title":"Contatti","order":101,"templateKey":null,"customTemplate":false,"customTemplateFilename":null,"pageLinks":["267617231"],"dateCreated":"2024-03-13T13:04:42.880Z","dateUpdated":"2024-03-13T15:05:49.546Z","folderId":null,"pageName":"Contatti_62169456","serverPageId":null,"sectionCount":1,"status":2,"backwardUrl":null}]